ProductID,category,price,quantity,sale_date
P1,Home,262.4,83.0,2024-09-30
P2,Books,288.46,25.0,2024-09-22
P3,Books,398.59,84.0,2024-04-07
P4,Electronics,19.44,96.0,2024-06-11
P5,Books,356.87,67.0,2024-09-11
P6,Home,350.39,66.0,2024-02-19
P7,Home,107.19,71.0,2024-03-13
P8,Toys,,0.0,2024-05-31
P9,Electronics,-93.08,39.0,2024-02-09
P10,Home,53.88,75.0,2023-12-29
P11,Home,168.14,16.0,2024-04-06
P12,Books,11.26,16.0,2024-01-04
P13,Books,12.58,53.0,2024-02-11
P14,Electronics,84.88,,2023-11-28
P15,Books,50.6,,2024-05-10
P16,Clothing,271.72,53.0,2024-05-24
P17,Books,104.1,16.0,2024-01-03
P18,Electronics,-30.45,14.0,2024-10-11
P19,Home,23.05,94.0,2024-07-19
P20,Toys,485.75,29.0,2024-05-07
P21,Clothing,9.72,71.0,2024-06-24
P22,Clothing,-58.99,,2024-01-17
P23,Books,369.06,62.0,2024-10-09
P24,Home,-68.32,,2023-11-28
P25,Home,483.92,28.0,2024-03-22
P26,Electronics,281.01,,2024-08-03
P27,Electronics,152.67,26.0,2024-03-06
P28,Toys,-47.99,58.0,2024-09-16
P29,Books,238.83,,2023-12-30
P30,Clothing,,78.0,2024-05-07
P31,Books,-22.2,51.0,2024-02-13
P32,Books,73.23,74.0,2024-06-23
P33,Electronics,-53.48,,2024-03-15
P34,Toys,77.64,14.0,2024-06-18
P35,Books,78.46,75.0,2024-07-27
P36,Electronics,71.44,-2.0,2024-02-19
P37,Toys,224.39,21.0,2024-01-23
P38,Books,497.34,34.0,2024-07-02
P39,Clothing,233.39,-2.0,2024-01-18
P40,Home,473.49,19.0,2024-04-08
P41,Toys,420.29,82.0,2024-03-05
P42,Books,-13.71,7.0,2024-02-20
P43,Books,125.84,47.0,2024-06-14
P44,Toys,56.03,92.0,2024-05-03
P45,Electronics,471.88,47.0,2024-03-07
P46,Electronics,72.64,82.0,2024-11-25
P47,Home,121.99,74.0,2024-04-25
P48,Home,-70.62,29.0,2024-02-17
P49,Electronics,492.43,,2023-12-12
P50,Home,399.44,8.0,2024-09-23
P51,Home,127.07,87.0,2024-01-17
P52,Toys,,27.0,2024-07-27
P53,Toys,494.46,43.0,2024-02-06
P54,Toys,112.79,47.0,2024-05-15
P55,Toys,-55.15,62.0,2023-11-26
P56,Books,185.97,48.0,2024-04-22
P57,Books,86.15,78.0,2024-04-25
P58,Toys,,85.0,2024-05-05
P59,Home,20.44,48.0,2024-09-29
P60,Clothing,365.79,77.0,2024-06-15
P61,Electronics,50.57,-8.0,2024-06-15
P62,Clothing,297.34,95.0,2024-09-30
P63,Toys,,76.0,2024-07-02
P64,Clothing,,71.0,2024-06-12
P65,Home,,45.0,2024-03-18
P66,Home,450.88,7.0,2024-06-22
P67,Toys,446.79,0.0,2024-10-24
P68,Clothing,102.43,88.0,2024-08-24
P69,Home,479.83,2.0,2024-06-13
P70,Books,489.97,61.0,2024-09-28
P71,Electronics,194.96,,2024-06-27
P72,Home,92.57,-9.0,2024-06-20
P73,Books,190.06,56.0,2024-02-29
P74,Toys,-65.98,61.0,2024-06-05
P75,Books,,76.0,2023-12-04
P76,Home,217.15,,2024-02-29
P77,Home,460.61,98.0,2024-08-03
P78,Clothing,214.14,32.0,2024-08-06
P79,Home,-1.36,78.0,2024-03-01
P80,Home,183.48,88.0,2024-01-19
P81,Home,-69.48,62.0,2024-09-02
P82,Home,34.54,,2024-09-18
P83,Home,281.52,54.0,2024-11-23
P84,Books,126.15,51.0,2024-03-25
P85,Home,241.43,45.0,2024-10-05
P86,Electronics,400.98,-7.0,2024-11-09
P87,Home,193.82,25.0,2024-05-30
P88,Books,361.57,19.0,2024-05-26
P89,Books,,11.0,2024-09-05
P90,Home,344.64,68.0,2024-08-04
P91,Books,198.1,3.0,2024-08-11
P92,Clothing,,82.0,2024-07-23
P93,Home,329.03,2.0,2024-08-16
P94,Home,368.43,57.0,2024-09-15
P95,Books,328.54,44.0,2024-07-25
P96,Electronics,-96.3,43.0,2024-08-24
P97,Toys,46.43,-6.0,2023-11-30
P98,Electronics,-36.39,91.0,2024-02-29
P99,Clothing,101.11,11.0,2024-02-01
P100,Electronics,368.1,49.0,2024-04-04
P101,Electronics,271.25,39.0,2024-08-05
P102,Home,318.46,0.0,2024-04-28
P103,Home,-54.45,77.0,2024-03-14
P104,Electronics,412.12,10.0,2024-02-12
P105,Toys,362.67,23.0,2024-09-06
P106,Electronics,246.31,73.0,2024-10-18
P107,Toys,220.4,18.0,2024-03-26
P108,Electronics,102.82,63.0,2024-06-19
P109,Toys,192.51,65.0,2024-03-22
P110,Clothing,247.08,22.0,2024-11-09
P111,Toys,274.68,63.0,2024-08-22
P112,Clothing,281.63,77.0,2024-10-02
P113,Home,,88.0,2024-02-17
P114,Books,-29.55,38.0,2024-05-24
P115,Books,204.66,85.0,2024-11-04
P116,Electronics,153.16,77.0,2024-05-22
P117,Home,62.92,48.0,2024-11-07
P118,Home,-90.16,16.0,2024-03-07
P119,Electronics,194.73,43.0,2024-07-23
P120,Books,,30.0,2023-12-23
P121,Home,18.52,64.0,2024-05-11
P122,Clothing,120.98,3.0,2024-10-28
P123,Home,336.49,10.0,2024-01-17
P124,Electronics,356.59,78.0,2024-01-16
P125,Toys,312.3,8.0,2023-12-31
P126,Clothing,157.75,27.0,2024-06-08
P127,Toys,-90.04,65.0,2024-02-23
P128,Electronics,,22.0,2024-02-03
P129,Clothing,,-4.0,2023-12-18
P130,Toys,228.81,1.0,2024-05-24
P131,Books,409.96,43.0,2024-06-29
P132,Home,-5.49,55.0,2024-05-13
P133,Toys,7.0,53.0,2024-11-02
P134,Toys,336.92,90.0,2023-11-28
P135,Electronics,163.82,-9.0,2024-02-08
P136,Home,466.47,48.0,2024-09-01
P137,Clothing,19.83,50.0,2024-05-25
P138,Electronics,293.3,,2024-07-06
P139,Toys,194.07,39.0,2024-10-03
P140,Toys,-46.97,87.0,2024-09-24
P141,Clothing,356.31,8.0,2024-03-16
P142,Home,131.9,13.0,2024-04-15
P143,Home,304.35,76.0,2024-05-22
P144,Books,14.76,71.0,2024-05-05
P145,Books,36.98,17.0,2024-11-21
P146,Clothing,-72.8,72.0,2024-04-15
P147,Electronics,102.47,76.0,2024-07-12
P148,Books,,56.0,2024-11-03
P149,Toys,338.61,77.0,2024-09-19
P150,Home,151.85,14.0,2024-01-15
P151,Electronics,338.23,64.0,2024-08-28
P152,Home,-1.75,74.0,2024-05-11
P153,Books,-68.89,33.0,2024-10-22
P154,Clothing,222.04,1.0,2024-09-13
P155,Home,290.26,54.0,2024-10-07
P156,Electronics,234.06,80.0,2024-08-06
P157,Toys,77.8,96.0,2024-08-09
P158,Toys,356.23,4.0,2024-05-12
P159,Clothing,355.26,26.0,2024-02-27
P160,Home,406.67,23.0,2024-02-12
P161,Books,81.41,5.0,2024-06-03
P162,Books,125.96,,2024-01-05
P163,Electronics,117.76,50.0,2024-04-26
P164,Clothing,240.52,1.0,2024-03-28
P165,Electronics,330.15,65.0,2024-10-12
P166,Toys,259.47,37.0,2024-01-14
P167,Clothing,-31.38,64.0,2024-01-15
P168,Books,19.19,78.0,2024-02-10
P169,Home,264.24,73.0,2024-11-13
P170,Toys,37.37,-4.0,2024-01-30
P171,Toys,448.58,,2024-03-07
P172,Books,,,2024-02-17
P173,Home,-36.05,72.0,2024-06-07
P174,Books,494.08,84.0,2024-03-13
P175,Electronics,153.69,93.0,2024-07-03
P176,Books,311.66,,2024-05-15
P177,Home,369.52,,2024-07-07
P178,Electronics,-16.69,4.0,2024-09-15
P179,Home,215.51,62.0,2024-02-21
P180,Clothing,,46.0,2024-02-22
P181,Electronics,49.01,13.0,2024-09-28
P182,Clothing,84.58,73.0,2024-08-13
P183,Clothing,122.0,34.0,2024-04-23
P184,Home,366.96,60.0,2024-07-27
P185,Toys,-52.79,23.0,2024-02-21
P186,Clothing,-52.32,17.0,2023-12-13
P187,Books,139.49,78.0,2024-07-23
P188,Home,,33.0,2024-03-27
P189,Clothing,119.81,17.0,2023-12-03
P190,Books,196.95,28.0,2024-10-06
P191,Toys,464.64,6.0,2024-01-21
P192,Home,196.66,43.0,2024-06-22
P193,Electronics,169.09,77.0,2024-03-16
P194,Electronics,297.27,85.0,2024-10-31
P195,Clothing,245.56,23.0,2024-06-22
P196,Clothing,319.17,79.0,2024-07-03
P197,Clothing,465.04,32.0,2023-11-30
P198,Toys,114.29,77.0,2024-08-16
P199,Home,177.36,85.0,2024-05-21
P200,Books,159.56,75.0,2024-05-02
P201,Toys,279.88,,2024-10-29
P202,Books,371.45,90.0,2024-06-03
P203,Toys,-34.43,100.0,2024-02-28
P204,Electronics,185.42,78.0,2024-09-09
P205,Books,230.3,74.0,2024-05-29
P206,Books,109.56,46.0,2024-01-22
P207,Electronics,125.96,90.0,2024-09-17
P208,Home,,28.0,2024-07-04
P209,Clothing,43.72,81.0,2024-08-03
P210,Clothing,475.65,90.0,2024-01-21
P211,Clothing,139.21,17.0,2024-07-26
P212,Electronics,82.08,56.0,2024-02-26
P213,Toys,-11.52,1.0,2023-12-19
P214,Clothing,107.94,-10.0,2024-06-29
P215,Toys,438.19,69.0,2023-11-28
P216,Home,475.87,38.0,2024-06-06
P217,Clothing,353.93,35.0,2024-07-17
P218,Clothing,45.41,58.0,2024-07-22
P219,Toys,152.31,48.0,2024-03-29
P220,Electronics,,43.0,2024-11-24
P221,Books,195.27,,2024-06-07
P222,Books,449.43,,2024-04-07
P223,Electronics,404.99,-6.0,2024-07-28
P224,Toys,,,2024-11-10
P225,Clothing,,,2024-08-14
P226,Home,-88.47,,2024-05-22
P227,Electronics,23.58,29.0,2024-07-08
P228,Home,59.37,75.0,2024-07-23
P229,Books,84.51,46.0,2024-05-17
P230,Toys,170.87,75.0,2023-12-01
P231,Books,318.73,20.0,2024-11-20
P232,Books,483.16,4.0,2023-12-03
P233,Toys,161.85,57.0,2023-12-03
P234,Toys,429.17,95.0,2024-01-22
P235,Clothing,214.63,65.0,2024-04-14
P236,Home,350.27,97.0,2024-03-15
P237,Books,367.02,,2024-08-23
P238,Electronics,-2.54,38.0,2024-11-25
P239,Clothing,-47.16,69.0,2024-03-17
P240,Home,321.76,52.0,2024-08-28
P241,Electronics,-85.5,,2024-10-21
P242,Clothing,29.97,86.0,2024-01-23
P243,Electronics,123.07,,2024-08-23
P244,Electronics,486.6,11.0,2024-01-21
P245,Electronics,-66.84,17.0,2024-02-20
P246,Electronics,9.58,7.0,2024-11-16
P247,Books,137.65,59.0,2024-11-14
P248,Books,247.67,-9.0,2024-09-20
P249,Clothing,332.34,52.0,2023-12-20
P250,Books,116.7,100.0,2024-07-26
P251,Books,-20.27,63.0,2024-07-21
P252,Books,208.83,61.0,2024-08-08
P253,Electronics,426.49,-3.0,2023-12-27
P254,Electronics,165.58,-7.0,2023-12-08
P255,Electronics,428.53,91.0,2024-07-11
P256,Books,219.13,96.0,2024-05-31
P257,Electronics,89.71,29.0,2024-11-22
P258,Home,322.09,45.0,2024-11-14
P259,Clothing,,86.0,2024-08-28
P260,Toys,27.01,81.0,2024-01-28
P261,Electronics,57.05,93.0,2024-09-15
P262,Books,425.44,3.0,2024-11-03
P263,Toys,12.28,81.0,2024-03-23
P264,Electronics,-27.08,70.0,2024-04-30
P265,Clothing,436.76,37.0,2024-03-09
P266,Books,,9.0,2024-09-16
P267,Clothing,16.97,-2.0,2024-02-09
P268,Electronics,373.45,79.0,2024-05-13
P269,Books,360.84,80.0,2024-01-08
P270,Home,292.0,86.0,2024-11-14
P271,Books,306.22,-5.0,2024-06-03
P272,Clothing,128.26,16.0,2024-03-22
P273,Toys,433.94,67.0,2024-08-04
P274,Books,,0.0,2023-12-25
P275,Home,-41.96,46.0,2024-01-17
P276,Home,459.25,62.0,2024-09-27
P277,Home,236.22,21.0,2024-08-11
P278,Toys,-72.62,45.0,2024-08-24
P279,Books,296.74,18.0,2024-09-05
P280,Clothing,35.75,31.0,2024-07-19
P281,Toys,,-7.0,2024-05-23
P282,Home,-6.78,,2024-05-05
P283,Home,383.0,6.0,2024-10-12
P284,Home,470.81,,2024-01-19
P285,Electronics,319.3,95.0,2023-12-30
P286,Books,144.62,62.0,2024-09-18
P287,Home,157.36,64.0,2024-02-17
P288,Electronics,186.84,,2024-10-01
P289,Electronics,,88.0,2024-03-24
P290,Toys,259.24,-2.0,2024-03-08
P291,Books,246.56,71.0,2024-11-09
P292,Clothing,281.47,91.0,2024-02-03
P293,Electronics,,12.0,2024-05-10
P294,Books,299.74,48.0,2024-07-12
P295,Books,380.35,58.0,2024-10-20
P296,Electronics,278.46,87.0,2024-06-04
P297,Home,66.92,,2024-06-04
P298,Toys,-8.6,38.0,2024-01-06
P299,Books,486.2,40.0,2024-06-10
P300,Clothing,489.68,,2024-10-07
P301,Clothing,-98.9,100.0,2024-02-26
P302,Books,479.38,59.0,2024-05-15
P303,Toys,384.94,35.0,2024-11-03
P304,Electronics,-65.35,40.0,2024-04-01
P305,Home,103.25,69.0,2024-09-04
P306,Toys,,58.0,2024-04-28
P307,Toys,64.51,,2024-07-01
P308,Toys,454.66,21.0,2023-12-01
P309,Books,-93.4,,2024-02-23
P310,Toys,352.08,77.0,2024-05-10
P311,Home,424.74,40.0,2024-08-22
P312,Electronics,203.55,20.0,2024-02-07
P313,Books,440.17,51.0,2024-02-04
P314,Home,,52.0,2023-12-02
P315,Home,284.41,51.0,2023-12-29
P316,Home,30.91,62.0,2024-03-01
P317,Toys,,24.0,2024-06-01
P318,Books,357.31,,2024-09-12
P319,Home,-5.52,85.0,2024-05-30
P320,Clothing,-34.81,39.0,2024-07-23
P321,Electronics,405.85,37.0,2024-02-17
P322,Electronics,442.5,11.0,2024-10-08
P323,Toys,24.28,27.0,2024-06-03
P324,Toys,-33.09,94.0,2024-07-06
P325,Electronics,-95.35,26.0,2023-12-21
P326,Toys,-43.79,12.0,2024-06-12
P327,Home,319.08,-7.0,2024-05-27
P328,Home,300.33,63.0,2024-10-10
P329,Home,289.91,,2024-07-30
P330,Electronics,0.32,89.0,2023-12-18
P331,Electronics,458.01,99.0,2024-04-19
P332,Clothing,,34.0,2024-11-20
P333,Electronics,233.67,94.0,2024-09-02
P334,Home,179.09,53.0,2024-05-03
P335,Home,,39.0,2024-05-05
P336,Clothing,414.65,27.0,2024-03-25
P337,Books,312.58,27.0,2024-05-10
P338,Electronics,156.99,99.0,2024-05-03
P339,Electronics,173.31,,2024-07-11
P340,Clothing,417.64,44.0,2024-01-12
P341,Books,256.78,88.0,2024-01-18
P342,Electronics,,28.0,2024-03-23
P343,Books,245.06,,2023-12-01
P344,Books,-52.37,33.0,2023-12-18
P345,Electronics,135.95,,2024-02-10
P346,Home,274.03,0.0,2023-12-05
P347,Clothing,,68.0,2024-03-24
P348,Electronics,-28.17,94.0,2024-11-14
P349,Books,354.87,,2024-05-07
P350,Toys,151.59,31.0,2024-01-10
P351,Clothing,480.59,15.0,2024-09-04
P352,Toys,373.76,77.0,2024-02-22
P353,Electronics,,84.0,2023-12-19
P354,Electronics,1.54,53.0,2024-07-13
P355,Home,285.54,26.0,2024-07-24
P356,Clothing,309.86,,2024-11-05
P357,Electronics,-93.83,91.0,2024-07-30
P358,Toys,296.25,43.0,2024-10-03
P359,Electronics,45.79,89.0,2024-01-26
P360,Toys,,21.0,2024-05-19
P361,Electronics,,13.0,2024-08-10
P362,Toys,430.41,22.0,2024-06-17
P363,Home,,64.0,2024-10-18
P364,Toys,457.55,34.0,2024-04-05
P365,Toys,409.26,24.0,2024-01-26
P366,Home,279.61,33.0,2023-11-28
P367,Toys,358.74,1.0,2024-07-20
P368,Electronics,8.1,79.0,2024-03-12
P369,Electronics,76.01,67.0,2024-07-27
P370,Toys,309.17,75.0,2024-05-22
P371,Electronics,361.74,15.0,2024-05-29
P372,Clothing,-75.36,68.0,2024-09-06
P373,Clothing,460.48,34.0,2024-03-28
P374,Books,-3.35,21.0,2024-07-23
P375,Books,-84.8,,2024-03-23
P376,Home,136.42,,2023-12-18
P377,Toys,297.23,5.0,2024-04-26
P378,Toys,233.7,39.0,2023-12-22
P379,Electronics,,8.0,2024-03-17
P380,Toys,244.0,99.0,2024-08-09
P381,Electronics,491.08,71.0,2024-05-29
P382,Clothing,123.54,22.0,2024-10-26
P383,Toys,191.83,86.0,2024-02-07
P384,Clothing,120.9,83.0,2023-12-19
P385,Clothing,201.69,32.0,2023-12-05
P386,Home,39.77,16.0,2024-06-07
P387,Clothing,192.58,20.0,2024-03-13
P388,Books,23.93,88.0,2024-10-24
P389,Toys,35.98,56.0,2024-03-01
P390,Clothing,45.18,,2024-07-24
P391,Toys,331.93,32.0,2024-07-29
P392,Electronics,130.73,29.0,2024-11-13
P393,Electronics,216.61,89.0,2024-02-17
P394,Electronics,,2.0,2023-12-27
P395,Toys,-94.61,5.0,2024-05-28
P396,Books,136.6,68.0,2024-04-13
P397,Toys,-95.37,62.0,2024-04-26
P398,Home,141.96,39.0,2024-04-15
P399,Books,129.64,56.0,2024-05-08
P400,Clothing,174.79,68.0,2024-03-12
P401,Electronics,337.06,-10.0,2024-07-09
P402,Toys,104.54,80.0,2024-07-23
P403,Toys,,,2024-11-07
P404,Home,28.05,29.0,2024-10-17
P405,Electronics,223.42,46.0,2024-01-30
P406,Books,260.09,18.0,2024-06-03
P407,Toys,-78.83,61.0,2024-05-29
P408,Books,-12.75,72.0,2024-04-27
P409,Home,301.5,72.0,2024-10-07
P410,Toys,475.88,31.0,2024-07-06
P411,Toys,312.16,-4.0,2024-08-25
P412,Home,47.51,93.0,2024-01-02
P413,Electronics,-86.55,32.0,2024-04-21
P414,Books,,6.0,2024-03-12
P415,Clothing,-34.29,99.0,2024-10-23
P416,Toys,163.35,43.0,2024-10-29
P417,Books,-27.21,13.0,2023-12-15
P418,Clothing,82.29,25.0,2024-06-24
P419,Clothing,32.05,27.0,2024-02-26
P420,Toys,271.67,84.0,2024-06-29
P421,Electronics,421.85,-5.0,2024-06-06
P422,Toys,438.1,3.0,2024-05-26
P423,Clothing,,27.0,2024-10-12
P424,Books,179.01,15.0,2024-10-15
P425,Home,422.59,-8.0,2024-07-17
P426,Home,344.42,26.0,2024-06-20
P427,Electronics,499.23,,2024-01-31
P428,Clothing,358.07,52.0,2024-09-12
P429,Books,286.78,61.0,2024-08-13
P430,Books,,,2024-04-15
P431,Books,173.09,,2023-12-16
P432,Toys,-15.26,-5.0,2024-08-16
P433,Clothing,408.52,97.0,2024-02-12
P434,Books,385.38,-7.0,2024-04-22
P435,Toys,416.39,81.0,2024-07-17
P436,Home,138.87,19.0,2023-12-14
P437,Electronics,291.06,81.0,2024-06-08
P438,Clothing,493.43,88.0,2024-06-01
P439,Electronics,,68.0,2023-12-10
P440,Clothing,-57.2,90.0,2024-09-15
P441,Electronics,358.62,18.0,2024-08-27
P442,Toys,6.69,21.0,2024-07-09
P443,Toys,484.5,8.0,2024-09-02
P444,Home,-76.71,10.0,2024-07-23
P445,Clothing,471.38,81.0,2024-03-05
P446,Electronics,382.59,6.0,2024-11-25
P447,Clothing,,79.0,2024-02-26
P448,Clothing,107.44,28.0,2023-12-05
P449,Electronics,470.02,47.0,2024-04-30
P450,Toys,-33.45,11.0,2024-05-30
P451,Clothing,-90.09,22.0,2024-04-11
P452,Toys,223.88,71.0,2024-08-12
P453,Toys,117.29,70.0,2023-12-21
P454,Toys,457.87,79.0,2024-04-18
P455,Clothing,,-3.0,2024-09-05
P456,Home,,-1.0,2024-11-25
P457,Home,428.58,87.0,2024-11-12
P458,Toys,394.69,86.0,2024-01-15
P459,Books,85.05,30.0,2024-01-16
P460,Home,-60.97,15.0,2024-06-16
P461,Books,83.77,38.0,2024-08-24
P462,Toys,483.59,,2024-04-16
P463,Books,,22.0,2024-11-09
P464,Toys,234.13,17.0,2024-11-18
P465,Toys,352.69,69.0,2023-12-09
P466,Clothing,27.47,45.0,2024-09-08
P467,Toys,241.56,22.0,2024-03-19
P468,Clothing,126.98,59.0,2024-01-04
P469,Books,201.09,14.0,2024-08-24
P470,Clothing,282.34,46.0,2024-07-04
P471,Clothing,205.44,46.0,2024-08-31
P472,Clothing,65.14,,2024-04-22
P473,Electronics,-54.33,43.0,2024-08-23
P474,Home,175.3,95.0,2024-07-18
P475,Toys,298.73,58.0,2024-10-08
P476,Electronics,235.56,91.0,2024-10-07
P477,Clothing,103.45,54.0,2024-08-08
P478,Electronics,-57.56,69.0,2024-09-02
P479,Toys,18.55,-10.0,2024-11-12
P480,Books,-79.59,57.0,2024-04-05
P481,Electronics,394.33,10.0,2024-11-08
P482,Toys,340.49,23.0,2024-01-27
P483,Toys,444.93,,2024-02-11
P484,Clothing,,56.0,2024-04-22
P485,Toys,429.5,100.0,2024-04-25
P486,Home,,50.0,2024-09-01
P487,Clothing,208.96,75.0,2024-01-10
P488,Clothing,301.61,85.0,2024-05-26
P489,Home,-81.0,84.0,2024-01-14
P490,Clothing,314.58,-1.0,2024-03-07
P491,Toys,329.54,-1.0,2024-02-11
P492,Electronics,309.54,,2023-12-04
P493,Electronics,-81.18,-2.0,2024-10-04
P494,Clothing,166.12,62.0,2024-08-28
P495,Clothing,311.87,8.0,2024-08-01
P496,Home,,,2024-06-11
P497,Books,83.46,95.0,2024-06-20
P498,Books,393.07,100.0,2024-09-04
P499,Electronics,177.36,81.0,2024-03-12
P500,Toys,460.21,8.0,2024-06-14
P501,Clothing,246.91,0.0,2024-02-18
P502,Books,447.3,14.0,2024-02-05
P503,Books,318.54,68.0,2024-08-30
P504,Books,423.3,46.0,2024-06-29
P505,Home,,80.0,2024-08-01
P506,Clothing,254.27,60.0,2024-01-20
P507,Toys,-45.39,98.0,2024-11-04
P508,Books,236.84,94.0,2024-06-22
P509,Toys,430.78,5.0,2024-08-29
P510,Home,103.31,76.0,2024-02-29
P511,Electronics,36.54,20.0,2023-11-27
P512,Toys,231.35,62.0,2023-12-10
P513,Toys,322.5,87.0,2024-05-21
P514,Clothing,95.43,,2024-07-16
P515,Clothing,-78.7,8.0,2024-10-26
P516,Toys,428.49,-3.0,2024-07-30
P517,Electronics,,,2024-01-07
P518,Electronics,20.57,96.0,2023-12-06
P519,Electronics,321.77,5.0,2024-02-03
P520,Home,203.7,54.0,2024-03-30
P521,Home,-77.22,100.0,2024-07-16
P522,Electronics,77.3,13.0,2024-02-27
P523,Electronics,390.28,7.0,2024-03-06
P524,Clothing,-25.22,,2024-01-04
P525,Clothing,498.78,62.0,2023-12-19
P526,Books,417.25,88.0,2024-03-16
P527,Home,-47.21,11.0,2024-11-21
P528,Home,223.25,7.0,2024-06-23
P529,Home,268.8,93.0,2023-11-30
P530,Toys,245.12,92.0,2024-11-19
P531,Electronics,411.27,-9.0,2024-07-17
P532,Clothing,91.31,39.0,2024-08-21
P533,Clothing,125.17,23.0,2024-09-18
P534,Home,-6.98,5.0,2024-05-01
P535,Home,401.47,29.0,2024-06-25
P536,Toys,64.7,51.0,2024-07-13
P537,Books,160.9,78.0,2024-04-22
P538,Books,-23.37,-7.0,2024-03-23
P539,Home,310.28,62.0,2024-04-17
P540,Clothing,-14.3,34.0,2024-07-29
P541,Electronics,151.92,,2024-10-10
P542,Toys,58.41,-1.0,2024-03-03
P543,Electronics,15.07,,2024-10-31
P544,Clothing,398.03,85.0,2024-02-22
P545,Toys,463.87,6.0,2024-08-24
P546,Home,213.22,34.0,2024-02-08
P547,Books,8.71,21.0,2024-06-18
P548,Toys,,23.0,2024-02-09
P549,Home,4.66,54.0,2023-12-16
P550,Clothing,473.47,28.0,2024-01-25
P551,Electronics,12.6,11.0,2023-11-28
P552,Electronics,132.04,90.0,2024-08-31
P553,Home,372.71,56.0,2024-03-26
P554,Toys,153.6,-7.0,2024-11-02
P555,Clothing,309.35,,2024-05-03
P556,Toys,,33.0,2024-09-30
P557,Toys,313.86,-6.0,2024-07-05
P558,Clothing,475.81,25.0,2024-06-21
P559,Electronics,361.98,54.0,2023-12-17
P560,Books,177.91,,2024-07-28
P561,Books,,52.0,2024-08-23
P562,Books,293.55,7.0,2024-07-16
P563,Clothing,353.71,93.0,2024-01-10
P564,Home,,6.0,2024-05-31
P565,Home,486.13,,2024-05-14
P566,Clothing,457.02,,2024-05-08
P567,Clothing,305.78,-5.0,2024-06-07
P568,Toys,314.35,11.0,2024-11-06
P569,Clothing,47.31,63.0,2024-06-26
P570,Clothing,,-8.0,2024-01-21
P571,Clothing,356.22,19.0,2024-01-02
P572,Clothing,213.44,45.0,2024-04-15
P573,Home,-86.17,77.0,2024-04-24
P574,Electronics,321.04,84.0,2024-03-13
P575,Clothing,16.68,96.0,2023-12-05
P576,Clothing,164.88,3.0,2024-09-27
P577,Clothing,216.19,,2024-05-08
P578,Home,,68.0,2024-01-24
P579,Clothing,236.6,61.0,2024-07-20
P580,Clothing,-90.1,54.0,2024-07-29
P581,Toys,202.73,92.0,2024-02-28
P582,Home,95.55,55.0,2024-06-22
P583,Toys,325.28,,2024-05-23
P584,Electronics,163.27,26.0,2024-09-06
P585,Home,312.69,26.0,2024-08-21
P586,Home,173.96,13.0,2024-08-15
P587,Toys,490.71,66.0,2024-07-31
P588,Home,33.01,37.0,2024-02-24
P589,Clothing,242.75,6.0,2024-11-15
P590,Books,-86.07,5.0,2024-01-27
P591,Electronics,,72.0,2024-08-07
P592,Toys,122.62,6.0,2024-07-28
P593,Books,311.42,10.0,2023-12-25
P594,Toys,,26.0,2024-08-04
P595,Books,428.23,-3.0,2024-07-10
P596,Clothing,120.84,82.0,2024-01-11
P597,Toys,119.4,97.0,2024-05-29
P598,Home,245.41,-10.0,2024-11-17
P599,Electronics,192.19,,2023-12-02
P600,Home,-60.91,30.0,2024-04-10
P601,Electronics,30.27,55.0,2024-11-07
P602,Clothing,488.06,7.0,2024-03-02
P603,Clothing,65.67,-6.0,2024-07-28
P604,Books,351.68,71.0,2024-08-30
P605,Electronics,460.82,41.0,2024-06-10
P606,Electronics,,73.0,2024-03-18
P607,Books,,11.0,2024-07-17
P608,Electronics,120.15,74.0,2024-03-01
P609,Toys,251.9,56.0,2024-08-09
P610,Toys,329.17,6.0,2024-05-25
P611,Toys,49.74,48.0,2024-02-28
P612,Electronics,257.34,74.0,2024-06-20
P613,Clothing,286.49,69.0,2024-10-11
P614,Toys,300.39,-5.0,2024-06-29
P615,Home,107.45,16.0,2024-03-10
P616,Home,79.29,97.0,2024-11-24
P617,Clothing,98.59,22.0,2024-01-13
P618,Toys,300.8,48.0,2024-05-13
P619,Books,61.59,-10.0,2023-12-30
P620,Electronics,119.68,82.0,2024-04-12
P621,Electronics,307.03,23.0,2024-02-29
P622,Clothing,444.8,28.0,2024-04-18
P623,Clothing,287.33,98.0,2024-07-20
P624,Electronics,279.3,11.0,2024-07-03
P625,Home,140.58,-1.0,2024-10-09
P626,Clothing,,25.0,2024-07-29
P627,Electronics,241.5,73.0,2024-10-29
P628,Electronics,44.4,29.0,2024-02-19
P629,Toys,153.89,37.0,2024-07-02
P630,Clothing,159.19,,2024-04-22
P631,Home,,81.0,2024-07-11
P632,Books,,14.0,2024-06-28
P633,Toys,403.09,74.0,2023-12-13
P634,Toys,399.09,100.0,2023-12-31
P635,Electronics,434.47,0.0,2024-10-07
P636,Books,313.13,,2024-10-21
P637,Books,175.49,93.0,2024-03-06
P638,Books,172.43,82.0,2024-11-15
P639,Home,304.46,79.0,2024-04-19
P640,Books,159.08,26.0,2024-05-09
P641,Home,-46.38,38.0,2023-12-17
P642,Home,15.42,94.0,2024-03-25
P643,Home,,80.0,2024-01-06
P644,Home,17.99,-4.0,2023-12-03
P645,Books,150.9,8.0,2024-07-17
P646,Electronics,188.0,87.0,2024-07-06
P647,Home,436.63,55.0,2024-03-29
P648,Electronics,8.18,10.0,2024-11-08
P649,Clothing,283.95,24.0,2024-11-11
P650,Home,261.41,-1.0,2023-12-24
P651,Toys,216.62,64.0,2024-07-13
P652,Electronics,322.52,,2024-08-15
P653,Electronics,-78.97,14.0,2024-11-11
P654,Home,430.51,51.0,2023-12-23
P655,Books,279.44,79.0,2024-10-01
P656,Electronics,,10.0,2024-11-17
P657,Clothing,-77.75,56.0,2024-02-20
P658,Clothing,,18.0,2024-02-04
P659,Clothing,316.4,15.0,2023-11-29
P660,Home,420.53,17.0,2024-10-03
P661,Toys,206.57,4.0,2024-10-17
P662,Home,191.09,66.0,2024-08-21
P663,Toys,408.6,2.0,2023-12-30
P664,Clothing,,36.0,2024-02-18
P665,Toys,-11.14,82.0,2024-09-29
P666,Electronics,120.14,34.0,2024-03-19
P667,Toys,225.51,19.0,2024-11-08
P668,Electronics,20.62,13.0,2024-08-13
P669,Home,,68.0,2024-04-12
P670,Home,,20.0,2024-07-07
P671,Toys,-89.05,70.0,2024-02-12
P672,Home,-94.67,79.0,2024-08-15
P673,Electronics,423.12,-7.0,2024-06-20
P674,Toys,13.51,64.0,2023-11-30
P675,Books,459.68,81.0,2023-12-19
P676,Electronics,58.46,,2024-04-22
P677,Toys,288.11,80.0,2024-04-11
P678,Books,63.64,20.0,2024-08-29
P679,Toys,483.73,12.0,2024-05-04
P680,Home,38.72,24.0,2024-10-10
P681,Books,438.2,32.0,2024-03-09
P682,Books,120.59,8.0,2024-03-21
P683,Clothing,252.16,51.0,2024-05-18
P684,Books,440.07,-7.0,2024-02-12
P685,Electronics,275.8,69.0,2024-01-19
P686,Clothing,161.25,47.0,2024-10-07
P687,Clothing,112.46,1.0,2024-10-31
P688,Books,365.06,,2024-03-09
P689,Home,297.41,15.0,2024-09-18
P690,Toys,93.43,53.0,2024-10-22
P691,Electronics,305.28,59.0,2024-01-26
P692,Clothing,100.33,2.0,2024-07-13
P693,Books,41.2,1.0,2023-12-26
P694,Electronics,,10.0,2024-11-16
P695,Electronics,154.67,23.0,2024-04-21
P696,Home,266.24,68.0,2024-10-04
P697,Home,-87.95,22.0,2024-08-03
P698,Electronics,147.31,-8.0,2023-12-29
P699,Home,28.41,7.0,2023-12-09
P700,Books,243.66,87.0,2024-05-17
P701,Clothing,-84.58,81.0,2024-11-14
P702,Home,304.4,31.0,2023-12-20
P703,Electronics,442.34,54.0,2024-10-04
P704,Clothing,140.47,86.0,2024-02-22
P705,Clothing,393.21,4.0,2024-07-21
P706,Electronics,59.78,5.0,2024-04-24
P707,Electronics,304.71,-1.0,2024-07-14
P708,Books,-91.43,45.0,2024-06-05
P709,Electronics,,15.0,2024-06-18
P710,Toys,-96.08,-7.0,2024-10-17
P711,Home,375.06,,2024-04-06
P712,Clothing,-88.91,66.0,2024-03-27
P713,Electronics,-49.66,26.0,2024-09-08
P714,Clothing,119.8,-4.0,2024-11-10
P715,Electronics,67.16,55.0,2024-09-25
P716,Clothing,492.19,19.0,2023-12-01
P717,Books,84.41,-6.0,2024-03-16
P718,Toys,16.56,40.0,2024-11-16
P719,Electronics,,20.0,2024-07-14
P720,Home,231.43,,2024-01-05
P721,Books,-48.68,33.0,2024-10-06
P722,Books,236.06,-9.0,2024-09-20
P723,Books,233.22,56.0,2024-08-09
P724,Electronics,49.17,-4.0,2024-04-26
P725,Books,284.83,,2024-11-24
P726,Electronics,145.47,53.0,2024-07-25
P727,Toys,355.16,27.0,2024-02-17
P728,Toys,332.68,37.0,2024-07-03
P729,Books,216.56,65.0,2024-05-22
P730,Electronics,133.14,16.0,2023-12-17
P731,Home,,-1.0,2024-01-31
P732,Toys,-6.82,67.0,2024-06-16
P733,Books,113.67,72.0,2024-01-24
P734,Clothing,316.55,64.0,2024-05-18
P735,Books,433.03,64.0,2024-04-24
P736,Toys,197.97,32.0,2024-10-08
P737,Books,301.34,,2024-09-10
P738,Books,-23.04,24.0,2024-08-23
P739,Electronics,18.16,2.0,2024-01-29
P740,Home,21.51,26.0,2024-04-09
P741,Electronics,116.23,94.0,2024-10-18
P742,Home,456.19,,2024-05-26
P743,Clothing,161.32,72.0,2024-03-07
P744,Toys,168.52,81.0,2024-08-15
P745,Home,191.87,92.0,2024-02-17
P746,Toys,111.25,,2024-01-01
P747,Books,114.68,66.0,2024-03-01
P748,Clothing,-66.24,56.0,2024-05-10
P749,Electronics,-32.64,73.0,2023-11-27
P750,Toys,8.97,95.0,2024-05-23
P751,Toys,225.74,80.0,2024-09-06
P752,Books,1.34,73.0,2024-01-28
P753,Books,95.04,57.0,2024-03-26
P754,Clothing,205.04,16.0,2024-05-03
P755,Books,438.14,,2024-10-23
P756,Clothing,148.82,68.0,2024-07-27
P757,Books,183.45,13.0,2024-07-07
P758,Home,-42.82,95.0,2023-12-10
P759,Home,410.28,49.0,2024-01-14
P760,Toys,,70.0,2023-12-15
P761,Home,,21.0,2024-04-21
P762,Home,330.56,14.0,2024-10-21
P763,Clothing,470.89,65.0,2024-03-01
P764,Books,217.56,90.0,2023-12-24
P765,Clothing,107.93,,2024-08-27
P766,Home,469.66,87.0,2024-07-15
P767,Electronics,,69.0,2024-01-22
P768,Toys,293.86,70.0,2024-08-03
P769,Home,209.66,61.0,2024-03-19
P770,Clothing,352.36,5.0,2024-06-20
P771,Toys,242.04,49.0,2024-06-21
P772,Books,,12.0,2024-06-02
P773,Electronics,124.37,49.0,2024-09-12
P774,Clothing,384.18,-4.0,2024-03-29
P775,Books,152.15,23.0,2024-09-26
P776,Electronics,63.33,25.0,2024-06-04
P777,Toys,276.96,82.0,2024-03-25
P778,Toys,-84.25,44.0,2024-03-05
P779,Clothing,108.81,,2024-04-02
P780,Electronics,396.12,-3.0,2024-08-01
P781,Books,371.65,16.0,2024-09-20
P782,Toys,214.64,72.0,2023-12-19
P783,Books,228.65,44.0,2024-02-27
P784,Toys,260.29,40.0,2024-08-19
P785,Clothing,444.15,94.0,2024-04-08
P786,Home,-16.98,-1.0,2024-01-11
P787,Toys,68.96,30.0,2024-08-01
P788,Electronics,473.65,69.0,2024-04-04
P789,Toys,350.54,3.0,2024-01-15
P790,Clothing,359.67,68.0,2024-10-13
P791,Toys,401.04,50.0,2023-12-07
P792,Home,16.25,18.0,2024-05-01
P793,Electronics,9.9,99.0,2024-02-12
P794,Toys,118.19,48.0,2024-08-27
P795,Home,290.76,13.0,2024-06-11
P796,Books,156.56,28.0,2024-06-26
P797,Electronics,368.75,,2024-06-23
P798,Home,132.94,0.0,2024-06-21
P799,Electronics,,40.0,2024-09-18
P800,Toys,459.55,58.0,2024-07-22
P801,Home,308.94,97.0,2023-12-08
P802,Books,355.48,59.0,2024-02-11
P803,Electronics,298.32,5.0,2024-11-20
P804,Electronics,197.6,83.0,2024-01-29
P805,Home,209.81,11.0,2024-02-14
P806,Toys,,68.0,2024-11-18
P807,Clothing,109.15,19.0,2024-11-06
P808,Home,445.95,86.0,2023-11-28
P809,Electronics,146.72,50.0,2024-02-15
P810,Toys,301.91,53.0,2024-08-26
P811,Electronics,276.52,34.0,2024-01-23
P812,Books,461.23,,2024-04-21
P813,Books,467.22,92.0,2024-02-03
P814,Toys,283.73,20.0,2024-11-13
P815,Home,260.16,-4.0,2024-03-06
P816,Books,370.08,71.0,2024-01-11
P817,Home,42.45,,2024-04-17
P818,Home,,80.0,2024-11-05
P819,Toys,486.96,86.0,2024-04-29
P820,Books,-43.13,71.0,2024-07-17
P821,Toys,150.29,5.0,2024-10-14
P822,Home,313.01,46.0,2024-05-21
P823,Clothing,213.62,69.0,2024-04-18
P824,Toys,-85.92,5.0,2024-11-06
P825,Books,260.12,31.0,2023-12-12
P826,Electronics,325.1,53.0,2024-10-23
P827,Electronics,-19.37,18.0,2024-08-15
P828,Home,297.6,83.0,2024-10-08
P829,Books,489.09,29.0,2023-11-30
P830,Home,78.72,60.0,2024-09-13
P831,Books,-8.42,-3.0,2024-09-27
P832,Home,,95.0,2024-10-14
P833,Electronics,-57.06,,2024-11-03
P834,Clothing,415.92,72.0,2024-11-04
P835,Toys,80.81,52.0,2024-07-06
P836,Books,,99.0,2024-01-29
P837,Books,141.12,63.0,2024-06-18
P838,Toys,-59.0,80.0,2024-07-17
P839,Books,449.47,44.0,2024-01-21
P840,Home,12.39,51.0,2024-09-01
P841,Books,309.39,44.0,2024-01-20
P842,Clothing,-29.76,17.0,2024-04-10
P843,Electronics,53.78,92.0,2024-04-02
P844,Home,393.65,70.0,2024-04-13
P845,Clothing,,56.0,2024-05-15
P846,Books,120.26,56.0,2024-11-24
P847,Clothing,61.07,76.0,2024-06-30
P848,Clothing,242.39,46.0,2024-08-14
P849,Toys,27.14,57.0,2024-05-10
P850,Toys,187.01,18.0,2023-12-18
P851,Home,286.46,20.0,2024-02-04
P852,Home,482.09,59.0,2024-02-17
P853,Books,-25.78,34.0,2024-11-05
P854,Electronics,61.5,24.0,2023-12-25
P855,Books,373.32,,2024-05-11
P856,Toys,414.4,35.0,2024-10-16
P857,Toys,119.59,10.0,2024-01-23
P858,Electronics,318.69,,2024-05-21
P859,Toys,-39.06,,2024-03-02
P860,Books,-10.51,18.0,2024-04-01
P861,Home,190.63,-9.0,2024-06-30
P862,Toys,112.71,33.0,2024-01-12
P863,Toys,141.91,70.0,2024-05-21
P864,Electronics,,38.0,2024-07-02
P865,Clothing,332.27,-10.0,2024-09-01
P866,Clothing,174.01,11.0,2024-06-15
P867,Clothing,416.24,6.0,2024-01-30
P868,Toys,407.06,6.0,2024-01-12
P869,Electronics,37.76,,2024-09-03
P870,Toys,435.21,,2024-06-21
P871,Clothing,225.54,-7.0,2024-11-05
P872,Books,24.9,,2024-03-17
P873,Electronics,,92.0,2024-10-24
P874,Clothing,170.46,60.0,2024-01-11
P875,Home,-11.88,85.0,2024-07-31
P876,Clothing,-63.21,,2024-09-02
P877,Electronics,2.34,,2024-11-06
P878,Books,205.97,,2024-07-26
P879,Books,313.74,29.0,2023-12-02
P880,Books,,61.0,2024-08-02
P881,Toys,89.04,6.0,2024-03-01
P882,Home,440.21,46.0,2024-04-02
P883,Home,190.85,21.0,2024-05-24
P884,Toys,406.57,-10.0,2024-06-08
P885,Toys,-35.43,2.0,2024-10-20
P886,Electronics,-89.07,7.0,2024-01-23
P887,Electronics,-88.95,60.0,2024-06-02
P888,Clothing,343.48,19.0,2024-04-01
P889,Electronics,387.1,-8.0,2024-08-23
P890,Toys,63.88,72.0,2024-02-11
P891,Toys,-5.74,99.0,2024-01-15
P892,Electronics,320.66,40.0,2024-01-06
P893,Toys,,92.0,2024-11-03
P894,Toys,-43.22,,2024-01-06
P895,Books,267.48,54.0,2024-10-28
P896,Clothing,-21.7,93.0,2024-09-27
P897,Books,257.96,-9.0,2024-08-31
P898,Clothing,104.98,80.0,2024-09-22
P899,Home,428.96,,2024-11-12
P900,Home,147.08,-6.0,2023-11-28
P901,Clothing,163.73,5.0,2023-12-13
P902,Clothing,,59.0,2024-07-10
P903,Electronics,-78.58,93.0,2024-05-26
P904,Toys,394.96,82.0,2024-11-06
P905,Electronics,395.74,69.0,2024-08-08
P906,Books,190.67,23.0,2024-10-02
P907,Home,139.28,19.0,2024-09-28
P908,Home,217.72,83.0,2024-02-23
P909,Home,-46.42,52.0,2024-03-25
P910,Books,,-7.0,2023-12-31
P911,Electronics,196.54,24.0,2024-04-30
P912,Home,-69.9,-7.0,2024-04-23
P913,Home,326.42,-4.0,2024-05-22
P914,Home,-36.44,21.0,2024-02-14
P915,Toys,-50.27,79.0,2024-10-12
P916,Toys,-44.61,,2024-10-13
P917,Electronics,240.61,35.0,2024-04-21
P918,Clothing,,83.0,2024-11-18
P919,Electronics,116.47,46.0,2023-12-22
P920,Electronics,4.41,50.0,2024-04-11
P921,Books,479.85,50.0,2024-08-22
P922,Books,499.39,,2024-01-29
P923,Books,302.23,85.0,2023-12-27
P924,Books,,41.0,2024-01-21
P925,Clothing,438.4,21.0,2024-03-17
P926,Electronics,440.84,97.0,2024-04-24
P927,Toys,126.46,100.0,2024-01-19
P928,Books,315.26,-4.0,2024-05-31
P929,Books,321.42,96.0,2024-10-15
P930,Toys,361.71,18.0,2024-08-19
P931,Home,241.26,25.0,2024-07-30
P932,Books,85.65,-8.0,2024-02-28
P933,Home,289.97,-4.0,2024-09-29
P934,Home,42.61,68.0,2024-04-07
P935,Toys,154.9,54.0,2024-10-27
P936,Books,59.12,7.0,2024-06-07
P937,Home,218.82,46.0,2024-04-10
P938,Toys,-8.07,93.0,2024-08-18
P939,Clothing,-85.15,21.0,2024-01-30
P940,Books,-78.11,33.0,2024-08-24
P941,Electronics,403.05,9.0,2024-05-15
P942,Home,228.11,34.0,2024-01-01
P943,Toys,83.02,27.0,2024-01-06
P944,Books,168.01,31.0,2024-08-10
P945,Books,95.3,,2023-11-29
P946,Books,-76.9,41.0,2024-09-19
P947,Home,401.74,13.0,2024-07-18
P948,Toys,-24.14,100.0,2024-02-11
P949,Home,-93.18,76.0,2024-01-15
P950,Books,358.26,59.0,2024-05-05
P951,Clothing,278.85,46.0,2024-02-08
P952,Electronics,350.59,90.0,2024-04-18
P953,Electronics,366.11,98.0,2024-03-14
P954,Books,-81.79,57.0,2024-03-24
P955,Books,,22.0,2024-09-26
P956,Books,459.88,71.0,2024-10-03
P957,Toys,202.25,99.0,2024-10-03
P958,Books,,-9.0,2024-04-25
P959,Home,144.97,,2024-10-07
P960,Books,191.49,39.0,2024-09-05
P961,Electronics,233.07,,2024-05-23
P962,Electronics,-31.09,71.0,2024-02-12
P963,Electronics,-42.13,49.0,2024-08-07
P964,Books,455.21,78.0,2023-12-11
P965,Clothing,33.08,22.0,2024-01-08
P966,Electronics,-72.24,-5.0,2024-08-11
P967,Electronics,182.61,-1.0,2024-06-27
P968,Toys,73.5,45.0,2024-11-14
P969,Books,376.62,50.0,2024-07-31
P970,Home,383.71,1.0,2024-10-30
P971,Books,73.22,88.0,2024-10-15
P972,Books,-15.9,43.0,2024-09-25
P973,Clothing,14.36,45.0,2024-04-23
P974,Books,-5.21,69.0,2024-06-03
P975,Toys,-96.68,-7.0,2024-08-26
P976,Electronics,418.52,96.0,2024-10-18
P977,Electronics,497.8,-9.0,2024-03-17
P978,Toys,265.27,33.0,2024-01-08
P979,Toys,400.4,62.0,2024-09-26
P980,Electronics,,2.0,2024-05-10
P981,Clothing,88.87,,2024-06-28
P982,Home,447.91,48.0,2024-08-23
P983,Books,130.98,11.0,2024-06-23
P984,Electronics,78.82,14.0,2024-06-08
P985,Home,,50.0,2024-08-15
P986,Electronics,81.1,64.0,2024-10-04
P987,Toys,244.33,52.0,2023-12-01
P988,Electronics,159.79,81.0,2024-10-04
P989,Clothing,252.06,75.0,2024-03-30
P990,Electronics,206.16,57.0,2024-10-13
P991,Home,115.14,25.0,2024-02-13
P992,Home,264.6,54.0,2024-05-27
P993,Home,40.7,3.0,2024-01-16
P994,Toys,26.29,19.0,2023-12-29
P995,Electronics,370.43,39.0,2024-09-13
P996,Books,253.77,11.0,2024-09-27
P997,Home,357.37,,2024-11-24
P998,Books,379.53,65.0,2024-10-06
P999,Books,323.16,,2024-02-03
P1000,Toys,146.95,64.0,2023-12-26
